company_id,ltv
comp_0004b685d8d6,17000
comp_001eac7794df,270000
comp_002f5166d79b,31000
comp_00323bea932a,16000
comp_003be29c3721,30000
comp_005edceddb66,60000
comp_0077c29db87d,296000
comp_00dee20896ef,220000
comp_00e300695d72,15000
comp_010fde0c4c1c,11000
comp_01533632d2d2,37000
comp_01947a8e8866,145000
comp_01a0b80afc46,34000
comp_01d51efd0faf,52000
comp_01ec73b5b764,10000
comp_01f46e2cde52,10000
comp_01fce7d4ed98,14000
comp_0214c9e2f3e1,251000
comp_022b70c43fc8,11000
comp_023c3f77c9e5,12000
comp_025ef56deb35,43000
comp_0278866a79c0,38000
comp_02e2e4f40ddd,45000
comp_02f6a88552fc,21000
comp_030fd42c52d6,10000
comp_0312f1b7139d,394000
comp_032551b9a907,112000
comp_03435414514b,135000
comp_035d83ceb314,149000
comp_03bdef7f1253,30000
comp_03c68b3e6173,126000
comp_03c968451d61,73000
comp_03d639c362de,460000
comp_03d7aef1b0c1,1406000
comp_03f82530a674,200000
comp_0447816763a3,22000
comp_0452319680d9,32000
comp_05104753638a,30000
comp_0521b99d783a,391000
comp_053e3a20cec8,54000
comp_0544b1fa3795,62000
comp_05bd89f0ba32,34000
comp_05f958238d18,210000
comp_0604ce2dfa41,14000
comp_0604e0e7fc2f,22000
comp_06196c65dd6d,686000
comp_062812c8e776,145000
comp_063498a5182a,31000
comp_06970bb9cdf9,80000
comp_06d6df83b899,72000
comp_06fe16445978,30000
comp_0700b815852e,10000
comp_070f8e5067bc,138000
comp_07155c7a826e,21000
comp_0721d7a4a10c,30000
comp_072878f5b361,57000
comp_073b54a01297,40000
comp_078b5ad16b0a,22000
comp_07a23e6aca81,32000
comp_07ca948d9694,81000
comp_07d7bdda56af,36000
comp_0820da2e3b42,42000
comp_0837c651a526,174000
comp_08792d37acdc,303000
comp_087a513660a0,10000
comp_08861bd14e1f,93000
comp_08a10b973971,123000
comp_08d10710c027,102000
comp_08e54c9d964b,164000
comp_08fae2ebf156,20000
comp_09011d9f9594,22000
comp_090f5865ad91,72000
comp_094abbad291a,10000
comp_0978c17ef837,10000
comp_09e2ffb64e52,87000
comp_09e4cad733a0,30000
comp_09e8d1774c6b,1283000
comp_09f3e26261ff,95000
comp_0a02febb369f,440000
comp_0a06ba459d05,403000
comp_0a237c8508ce,16000
comp_0a261364d50c,466000
comp_0a26e4c3b008,87000
comp_0a4f7781f4b8,13000
comp_0a51f160e10a,43000
comp_0a975bc0b4cb,193000
comp_0a991517bd58,93000
comp_0aa5945078c3,369000
comp_0abd1e0eb9ab,55000
comp_0ad616b594a7,11000
comp_0af0f51df808,92000
comp_0af629134810,80000
comp_0b0deadb1a06,40000
comp_0b2e9b988889,53000
comp_0b40a8980ec2,24000
comp_0b46c3de9fc2,38000
comp_0b78959478c2,357000
comp_0b85ddd8b62c,224000
comp_0b8a37372dea,25000
comp_0bc1ef146e9c,60000
comp_0bc28a45c737,20000
comp_0bdf7eb2872b,115000
comp_0bef331e580f,45000
comp_0bf1e0b1c9b6,10000
comp_0c072ec14961,29000
comp_0c0b6dfb786b,46000
comp_0c0c3381b9e5,48000
comp_0c5ec037fd0e,250000
comp_0c77899db3c1,165000
comp_0c7acf25bac5,188000
comp_0c7f99f85621,10000
comp_0c9c3cabc3cd,23000
comp_0c9d0ec52d75,11000
comp_0ca91389ae8f,31000
comp_0cabbe8ce4fa,503000
comp_0cfbb6b10eba,43000
comp_0cfcabbd3c17,90000
comp_0d2ed9346d02,423000
comp_0d6635e556c7,864000
comp_0d9e9820567e,161000
comp_0dd894d6147c,141000
comp_0dde1b1047ae,54000
comp_0de61d6606b8,86000
comp_0e0cb6801858,111000
comp_0e120fc6effc,41000
comp_0e1e5f278121,122000
comp_0e2a74cddc44,33000
comp_0e8585519ea4,40000
comp_0e8ababb7aa9,10000
comp_0edbe06d23eb,59000
comp_0f256f7d40a7,53000
comp_0f70fc652cc2,377000
comp_0f82388de5ba,48000
comp_0f896f989974,228000
comp_0fb27d232664,11000
comp_0fbbcb3609c3,10000
comp_0fd1c088d215,30000
comp_0fdd0dd8279a,52000
comp_1044e05f7852,97000
comp_105cc5a23c41,22000
comp_105cf716c8db,47000
comp_106d8f68eaca,33000
comp_107b985951f4,17000
comp_107bcf5f9a4d,10000
comp_1091a5b3caa1,33000
comp_10e6e6d993b3,156000
comp_10ef6ce766c6,124000
comp_10ffe94a0a5e,22000
comp_1100ff40f3e9,35000
comp_110502b04d27,43000
comp_113644643fe5,107000
comp_1157caa9938d,87000
comp_116af9b8b605,16000
comp_11703305ee72,244000
comp_11ed722b3b85,12000
comp_11f8ab5d97f4,11000
comp_121688a8c3df,110000
comp_1283cd735db1,61000
comp_1288564a52ec,72000
comp_12a8507dc079,50000
comp_130baa340976,203000
comp_13127df3a16a,11000
comp_13143767b017,30000
comp_1345de2210fd,24000
comp_136d15526613,32000
comp_1384aef90688,28000
comp_1385c0da83c4,31000
comp_138a2a5d1904,928000
comp_138f4ccd6086,467000
comp_13b8a2c2a7f2,16000
comp_1415fd049367,63000
comp_141dac1ed456,30000
comp_144e3b635de5,38000
comp_1460e079fbb2,10000
comp_146474d8c08a,50000
comp_1483fb217266,70000
comp_14b2f7ef03fb,10000
comp_14cda869e8cc,422000
comp_14d63d5bd9a0,34000
comp_14db78e098d8,184000
comp_155fceddc362,59000
comp_1586b96985a8,34000
comp_15a342ef8b8b,56000
comp_15dd9030073d,10000
comp_15e2737e39c7,243000
comp_15ead83d6545,32000
comp_161d55422302,130000
comp_1627c9fe8ee3,11000
comp_16341aa6dc39,38000
comp_1667006c1a6a,22000
comp_16c282e4b2eb,34000
comp_16e6c5616d71,21000
comp_16eb2b37041c,100000
comp_1787cca485fa,77000
comp_178d7959eea2,10000
comp_17cc71c58500,53000
comp_17d004823238,153000
comp_17d261bf5928,48000
comp_17d8c584d70d,46000
comp_17e1b3ce3786,21000
comp_180e5e759ffc,66000
comp_1812221eabea,22000
comp_18333dc1b788,53000
comp_18459acf36f9,337000
comp_185d44a74b54,41000
comp_18706992276c,40000
comp_188ff1c8d2e9,33000
comp_18ad1de4adbb,460000
comp_19098a41d370,48000
comp_191ec0f12d04,10000
comp_194c19ebf1c8,80000
comp_19551fb7cac7,64000
comp_19584bc35c0e,36000
comp_1965b87d9bbe,42000
comp_19736c9d27a8,110000
comp_1982aeabbdf5,193000
comp_198b627ef696,42000
comp_19a3824000b3,12000
comp_19d3b81c0ee4,777000
comp_19ef58b1e3e3,20000
comp_1a3bb4e5ecc3,112000
comp_1a5cbb6df828,41000
comp_1a60e55e7869,58000
comp_1a685c8397e3,117000
comp_1a7355926225,149000
comp_1a8e0b9424e2,62000
comp_1a92a53b4f22,11000
comp_1aa430360488,260000
comp_1acf50b1c1a4,18000
comp_1b11a2046b26,49000
comp_1b45ebac8548,69000
comp_1b76c9855c35,245000
comp_1b8a66b93906,208000
comp_1b93d2f175bf,414000
comp_1ba2c60aa6fc,31000
comp_1bc6af743f5b,86000
comp_1bdb828c79e7,154000
comp_1be17c6b7102,21000
comp_1befedb67f9d,109000
comp_1bf4ba570911,39000
comp_1c08a13dff68,255000
comp_1c347838cff8,31000
comp_1c491cc189b3,11000
comp_1c54b905617e,140000
comp_1c7ad8acd36b,52000
comp_1c90c0182a88,10000
comp_1cd75cbc3843,764000
comp_1cdace381382,105000
comp_1ce1b5f57073,68000
comp_1ce4279b9f0b,75000
comp_1d17d7f6e8f7,32000
comp_1d28467b6905,12000
comp_1d9ef7415ac2,57000
comp_1defc0090dab,30000
comp_1e3c641a716f,136000
comp_1e4d55144a7e,11000
comp_1e63a03f2bd6,73000
comp_1e8651fbba55,30000
comp_1e865ed63b41,155000
comp_1e8c0f0ab24c,228000
comp_1ef1af9b0f0c,108000
comp_1efb0a7b7f32,30000
comp_1efe8c8f21ce,102000
comp_1f1d80b35b3f,11000
comp_1f3aa2a76d5e,21000
comp_1f6ba3ac4682,816000
comp_1f87cfc315f0,75000
comp_1f8e986dfb8a,12000
comp_1f9d1c7cbc4c,10000
comp_1fb790d9e694,30000
comp_1fc94861dbf4,309000
comp_2006b3c787ff,52000
comp_200892e895a6,38000
comp_200f3db4eac9,88000
comp_2056d7c6e5ce,26000
comp_2060cc8a6697,20000
comp_2082c8501dc6,22000
comp_2084b3f971e2,158000
comp_208e89cc8562,87000
comp_209adfe2634a,47000
comp_20b2bafdb60d,276000
comp_20f9c3aafaf8,20000
comp_214927b538cf,238000
comp_2151a8e06165,10000
comp_215edc889773,136000
comp_21693edc7e6b,74000
comp_21d7d3202550,216000
comp_21d7eb9a6ad8,49000
comp_21e8022d66e1,197000
comp_21fb3a7edcbb,73000
comp_22342b07ffd6,10000
comp_224325cc8a17,149000
comp_22547e79565b,470000
comp_2261198975b3,45000
comp_22627629cb36,68000
comp_22831e373b68,219000
comp_22a3185a0c0a,498000
comp_22a516bd5fa2,1519000
comp_22d03529fa6f,360000
comp_22db4286c532,54000
comp_22ea19a32697,22000
comp_23008b95884e,371000
comp_230208ef12f2,97000
comp_230e11a5583e,21000
comp_2311eafce6de,327000
comp_2363024f7f6e,1559000
comp_2386eb83e846,70000
comp_23902342e5d2,126000
comp_23913162c5ee,11000
comp_23c4e755e24e,32000
comp_23d0fde4d8e1,375000
comp_23fae0cb5574,118000
comp_2415830093b3,11000
comp_24392d5d127e,268000
comp_2477dcfdc54f,52000
comp_247f9c1e9862,846000
comp_25ab7e3cabb8,118000
comp_25c650a27689,31000
comp_26166523fb51,60000
comp_26433057f937,84000
comp_2661cea9a842,663000
comp_2687d8d66870,676000
comp_268c7982cc7c,113000
comp_269f6c1c627d,19000
comp_26bbe619d210,271000
comp_26dab42a9212,44000
comp_27010fd3d83b,50000
comp_2717911b4fcd,4691000
comp_272c6c139d9b,179000
comp_280facac34a6,31000
comp_281dd5504072,33000
comp_284f817552cf,383000
comp_28eb46eee076,36000
comp_2917140c4d20,34000
comp_291d981279d3,12000
comp_2921da790be9,10000
comp_29627d612724,73000
comp_29927d4b4629,11000
comp_29a25ab1034c,39000
comp_29c2b09da389,113000
comp_29c461975f09,141000
comp_29e796656e76,66000
comp_2a2ac6fee708,114000
comp_2a38d7334025,55000
comp_2a9c194dc9aa,802000
comp_2af17e4ce596,40000
comp_2afa8c286f27,70000
comp_2b2d2f59240c,59000
comp_2b2dd83ab017,56000
comp_2b41638f1287,15000
comp_2b748edb7d6c,72000
comp_2bf22e16ca2c,41000
comp_2c0aaaeae9d2,12000
comp_2c2ad78954e5,21000
comp_2c5127890a40,11000
comp_2c69247fdfd7,27000
comp_2c8d9e199b93,20000
comp_2c9f2626c8f3,283000
comp_2cc5cd5e15c7,86000
comp_2cfc58315e20,196000
comp_2d045c4723f9,27000
comp_2d06c363dbfc,174000
comp_2d0ed1c7cc6a,110000
comp_2d3ae0818ad5,74000
comp_2d5a7ee758e4,153000
comp_2d6b5d786f15,47000
comp_2d8ad5d89786,28000
comp_2da3f008aac6,42000
comp_2dcc84e81791,235000
comp_2de5b0554cb8,11000
comp_2e23374d296e,22000
comp_2e24a5d07b00,483000
comp_2e294ccecb8a,10000
comp_2e462a0696f7,467000
comp_2e4703ee5e29,140000
comp_2e6375154559,43000
comp_2e6ed2a9b7cf,120000
comp_2e90a58448ca,70000
comp_2e9bad63c9d2,41000
comp_2eba855f603f,21000
comp_2ecc6bb81d15,156000
comp_2ed8e938a27b,11000
comp_2edd8ba84c81,21000
comp_2ef51bc289ab,40000
comp_2efdd399d1cd,26000
comp_2f0f2af90281,129000
comp_2f3d2d7d203a,45000
comp_2f4f8ace4e99,406000
comp_2f53c6ef45eb,61000
comp_2f5c91f64600,30000
comp_2f772a374ab7,350000
comp_2f964b53a11f,75000
comp_2fa2df58c0ee,11000
comp_2fb780aa2278,52000
comp_2fc9da678d60,80000
comp_2ff47693277b,31000
comp_300f83d85414,30000
comp_301a4da4fc56,28000
comp_3058d874b784,30000
comp_30cd11eaae14,20000
comp_3161f2956f04,62000
comp_316cbef25179,214000
comp_3182b5943e8b,19000
comp_31b0d060fa86,75000
comp_31c112fbbef8,126000
comp_321a80e7e2cb,163000
comp_32228686da09,87000
comp_324238e4ec6e,17000
comp_32424cd37601,307000
comp_32581df1fb02,653000
comp_326747c05625,11000
comp_32b75265df43,33000
comp_32d441dc2671,85000
comp_32df1bfc472e,59000
comp_32f1001bae0e,293000
comp_3311c547fb6b,22000
comp_3313a8014dcd,142000
comp_332bc306be79,152000
comp_33377f5f8f86,12000
comp_333bb099560d,126000
comp_3354bcc66cae,197000
comp_3363359c567e,30000
comp_3365c1b5d1c1,52000
comp_33a10866d38c,128000
comp_33e0031647c5,51000
comp_33f3ffcc6451,22000
comp_344059a0e28d,90000
comp_3441cd815ac9,70000
comp_34701b1d18b0,41000
comp_347434998fcb,546000
comp_348145c0808c,43000
comp_34b820fd4cf1,50000
comp_350d5426e7dd,24000
comp_3521c2aa55c1,31000
comp_3529a4ba76ac,220000
comp_35834ac193f6,45000
comp_35b3a82f79af,465000
comp_35d3b8e97130,150000
comp_35d4d389edc1,10000
comp_35da3061cec8,11000
comp_360856162a5e,176000
comp_366cbb77ec03,18000
comp_3681c0fe36a2,94000
comp_368989def9b0,34000
comp_368db4527003,54000
comp_36cdc6da8320,142000
comp_36dfe8256f6a,30000
comp_371052c72270,80000
comp_3718394bbf74,57000
comp_371a2d08ef6a,258000
comp_375a743b14b1,11000
comp_376bd2f9af9b,12000
comp_376f6ccdef92,14000
comp_3793fe08915b,258000
comp_37c1fc694fc6,81000
comp_37ce93f7602a,30000
comp_386b3525f742,11000
comp_387bbd9fecca,607000
comp_38a382ab8d38,145000
comp_38cd1756c34c,158000
comp_38e0bd258b0f,10000
comp_38e9529e8e84,41000
comp_38ef23489a02,93000
comp_3945c17a44b9,131000
comp_395d2f79384a,73000
comp_399ecf1e4962,77000
comp_39d3ca83f61c,78000
comp_39e830d6c535,25000
comp_3a01db4fa0e1,68000
comp_3a21d97f263e,74000
comp_3a360deca706,22000
comp_3a43ec65b507,38000
comp_3a7464139021,11000
comp_3a7af3e7720e,133000
comp_3a83fc5ff022,30000
comp_3ad395a14806,68000
comp_3b01578fca9d,622000
comp_3b13ba84eaa2,210000
comp_3b16ea32dfaa,116000
comp_3b2bd063d085,449000
comp_3b4e65c0a6e6,152000
comp_3ba241d96923,280000
comp_3bd59a532e38,283000
comp_3be160e5cc3f,270000
comp_3be77d073e2c,68000
comp_3c3111cc8339,120000
comp_3c384a57de61,50000
comp_3c8f4b6f8413,11000
comp_3cb5dd440577,10000
comp_3cc2316592e9,10000
comp_3cc54e70b962,22000
comp_3cd86fdf7c69,11000
comp_3d00a13123f2,17000
comp_3d17a736af62,223000
comp_3d43508666c1,171000
comp_3d6011f5cf6b,51000
comp_3e1a3c54b679,20000
comp_3e2a85f7e839,56000
comp_3e308731b0a7,48000
comp_3e46fdfcdebe,167000
comp_3e47c5bf9f17,22000
comp_3e5f256021a1,217000
comp_3e6965c28f37,10000
comp_3e6f6b2fac45,42000
comp_3e77dde288af,293000
comp_3e7aed409eed,33000
comp_3e822af6352d,52000
comp_3e9246019585,61000
comp_3e92e3fd83b1,62000
comp_3e98565708a4,10000
comp_3f526496d3a2,416000
comp_3f530ff8143d,25000
comp_3f61d315de16,269000
comp_3f9106a844f1,68000
comp_3fbaa12dc98d,72000
comp_3fd4094e710d,10000
comp_3ffe4eac8293,26000
comp_40112db2be46,100000
comp_401f37f2950d,61000
comp_40521f94a70c,193000
comp_40725d3f6696,10000
comp_407377e1ce5d,36000
comp_40741fd7c65f,654000
comp_409fa64e7cde,36000
comp_40ada8794299,33000
comp_40b8ceba50e5,938000
comp_40ba79e21243,334000
comp_40f2d59b4ea8,30000
comp_411031bc3e4d,231000
comp_411cb30df11f,11000
comp_412dc78d0fb8,315000
comp_413f59beab5a,44000
comp_4145e1d8cc99,191000
comp_414d9ea560c5,18000
comp_41807133c00a,11000
comp_4183fd8f65b5,32000
comp_4189385596aa,20000
comp_41a698f05ba4,72000
comp_41c2b8d2eb25,176000
comp_41cd28e4af1f,56000
comp_4206ef8f0528,11000
comp_4210a94bb7eb,30000
comp_42147a36cbeb,40000
comp_4240005d9d46,51000
comp_424af42c6df2,10000
comp_425a24373271,10000
comp_425a367de9bb,32000
comp_4266524e0ff6,22000
comp_42728f6442d9,27000
comp_427f8a270198,319000
comp_4283807fb360,53000
comp_429a708d44f7,52000
comp_42a46c4cedb2,10000
comp_42aa23c73a58,88000
comp_42cf1ddc1f5d,20000
comp_42f1d86a1411,575000
comp_42f80963e7e7,21000
comp_430f51b67e70,63000
comp_435f2fd2a0dc,512000
comp_4375f1a7b7ab,12000
comp_43c61be26e53,54000
comp_43c9ce57b56e,123000
comp_43ca7bf45ca2,231000
comp_43db4014819b,11000
comp_441310bbedbc,22000
comp_4427a537414a,136000
comp_44a00c948a0e,29000
comp_44ac470062cd,94000
comp_44ad7d774249,56000
comp_44b4f82c88f4,11000
comp_44bc47db00aa,15000
comp_44be4a7bcf91,61000
comp_453c29457fee,10000
comp_455809deb7a1,80000
comp_45a24280328a,22000
comp_45b128ca732f,41000
comp_45b252ef45ed,11000
comp_45bd8355b08c,10000
comp_45cd04a093b6,188000
comp_461d7c888adb,73000
comp_461f7aad4d13,30000
comp_4624f00818a7,282000
comp_46587b02859c,78000
comp_468a1f85630c,30000
comp_46acbc016e29,20000
comp_46bef2e65ba8,80000
comp_46dedaeb28d1,603000
comp_46ee82406c78,44000
comp_470732f458a0,199000
comp_4742593c93a7,49000
comp_476c1de67605,51000
comp_47765c74f995,207000
comp_47bd4b2f6d31,33000
comp_47befbadb725,351000
comp_47ed69ad64b2,10000
comp_4829f2060c15,78000
comp_484be2aad873,102000
comp_484c4fc240cf,37000
comp_486e6bb62077,82000
comp_4880f02ed303,207000
comp_48ab1190c0c9,181000
comp_48bfb7eb3f8d,24000
comp_48c50bf15090,10000
comp_48c86e1c471e,103000
comp_490e525fa69d,77000
comp_491437e2bc34,11000
comp_4916fe35f3aa,11000
comp_4980528571e5,111000
comp_4997a3d3d555,368000
comp_49a0ad9882aa,41000
comp_49a50ebe80f2,101000
comp_49afb3517e02,57000
comp_49e2ab73cb74,27000
comp_49ef967b8704,11000
comp_49f62992ca4e,56000
comp_4a0625f1386e,79000
comp_4a0c3fb908ac,551000
comp_4a5eed956b6d,62000
comp_4acce73fa7bd,103000
comp_4ad884a2db59,32000
comp_4ada534add89,237000
comp_4aeb7f4c40e3,10000
comp_4b02d8ed6e93,10000
comp_4b0856a74088,58000
comp_4b4246322707,75000
comp_4b4865e7e662,183000
comp_4b87fac23917,187000
comp_4b93a575c690,200000
comp_4b951f3b28a5,116000
comp_4bb863029b9c,110000
comp_4bba04189344,22000
comp_4bc7a36df85a,40000
comp_4bd1eaf509ac,13000
comp_4bdd9d3bdee3,16000
comp_4c2a22f35878,94000
comp_4c4dae952975,48000
comp_4c74b0f9dafc,598000
comp_4c7d82489281,64000
comp_4c9fdc48df60,92000
comp_4ccd8314e1e8,81000
comp_4cdf2e5bd63b,35000
comp_4d011ca8039b,34000
comp_4d0d0ce225b5,110000
comp_4d2872074eb6,66000
comp_4d3fcfc2c077,11000
comp_4d40e268b1d7,96000
comp_4d47e7762125,45000
comp_4d4fff1eebd4,61000
comp_4d9927ab80be,10000
comp_4dad78cf04c9,373000
comp_4db08d152851,141000
comp_4e11db11af75,10000
comp_4e16be0a6f8f,264000
comp_4e504a86519e,11000
comp_4e96085839c4,31000
comp_4e9b0b7a7910,90000
comp_4ea77bcf3e80,22000
comp_4eb587bf2aed,367000
comp_4ef57289b3ce,21000
comp_4ef7f0cd3ac6,77000
comp_4ef95f87f436,243000
comp_4f91937e3cef,11000
comp_4fc3fc0c8cbc,52000
comp_4fc4dfbaf17d,30000
comp_4fcd8df671cc,11000
comp_50498c9cfc44,190000
comp_509590d4b70d,30000
comp_50b92cd2b3c8,21000
comp_50f8d69925a1,558000
comp_5125edf94437,128000
comp_512a88a6dd04,68000
comp_512f9d5e8ab9,46000
comp_51435ba40a0d,33000
comp_5146cc973057,12000
comp_515b985606ad,15000
comp_516351c254c1,352000
comp_516c603204ce,10000
comp_5188ab3c70e8,18000
comp_519169db55a3,596000
comp_51b46f130304,10000
comp_52171b7d58be,22000
comp_524aee179092,10000
comp_527f8bbcacd8,35000
comp_529e11ca455f,207000
comp_52bd6406a535,30000
comp_52d0fd029779,30000
comp_52f54a065185,23000
comp_532871bd8bd9,26000
comp_535447f59805,626000
comp_535786edcc97,463000
comp_53825f3f8106,660000
comp_5414ee0dfa8d,31000
comp_5416915f313b,22000
comp_548b498c32b6,30000
comp_54a461084b57,21000
comp_54bbf024639e,10000
comp_54cfce5079d6,103000
comp_54d4d1bcad9d,11000
comp_54e0eed93808,80000
comp_54f106eb7d73,122000
comp_54f3701b1ec2,348000
comp_5529f1368d24,73000
comp_5536a0a59876,32000
comp_5544212c1e8f,22000
comp_554a752ddbaf,469000
comp_5589f567f37a,96000
comp_55d2eef39ecd,199000
comp_55fd1fd98427,61000
comp_56065ccc7fef,190000
comp_561ee9bd5ef0,1930000
comp_56305dc746ff,40000
comp_5630923b3125,57000
comp_5633f7e5c9d5,231000
comp_567653b02577,53000
comp_567b59bffcd4,124000
comp_5681f057cecb,554000
comp_56858ad71027,78000
comp_568f8c3a75af,30000
comp_56b133289644,60000
comp_56c856f52a76,97000
comp_56c8647f111a,44000
comp_56deddfe2002,147000
comp_56e3a3731f2b,225000
comp_56f1a96b2358,321000
comp_56f820216126,46000
comp_570bf4c116ca,144000
comp_571228a1ca9c,187000
comp_572915affe71,17000
comp_57685febe956,53000
comp_57cf670f6369,10000
comp_57f21ef00a6a,90000
comp_57fabc679c74,147000
comp_5811e3d554df,26000
comp_582791df18f2,90000
comp_58760793ab7d,10000
comp_58ab966d7390,21000
comp_58aedcc53a0a,41000
comp_58fa37348b2f,68000
comp_593b82d12614,10000
comp_5956880baee1,10000
comp_598b9653a570,31000
comp_59c22475581e,16000
comp_59c9d279ba8f,654000
comp_59ec3a179afe,30000
comp_5a3c9f5a5b82,198000
comp_5a45b4b6c7e7,16000
comp_5a5186b25f06,10000
comp_5a5f7973178f,70000
comp_5a6263c0cab5,31000
comp_5ab82bb01456,10000
comp_5b0877e7eed2,67000
comp_5b0906004db1,70000
comp_5b0d7866cf18,42000
comp_5b2b8128d09a,23000
comp_5b49d253f092,96000
comp_5b5c63d1dbb5,24000
comp_5b8280f2aa2d,302000
comp_5b8bb4a05dda,33000
comp_5bb2a9402dee,87000
comp_5bce62a9c514,500000
comp_5bdb9bcd29a4,114000
comp_5bebee84e1e6,274000
comp_5bed561c2856,10000
comp_5bfdc3f7a7c3,25000
comp_5c4afae30d58,607000
comp_5c7f595d1821,41000
comp_5c8fc6c16de8,34000
comp_5cb826e3c31a,11000
comp_5cd81a78e4bc,10000
comp_5ce9538259e6,98000
comp_5cfe6551cf90,1171000
comp_5d304693547b,24000
comp_5d34f647874f,46000
comp_5d3a4122e7e5,10000
comp_5d66a067407a,50000
comp_5d6f45a7fd71,225000
comp_5d7f0d6a96d8,1045000
comp_5d8f31a03840,151000
comp_5d9c0af8df1c,30000
comp_5dd3137944f7,137000
comp_5de3ff7080af,11000
comp_5e1cb6486eba,310000
comp_5e51f19707c7,81000
comp_5e83d59d42ad,10000
comp_5e97bb2de081,23000
comp_5ece71be3390,11000
comp_5ee6b9011702,224000
comp_5f178272a354,12000
comp_5f23fcf8664a,39000
comp_5f79ecbb3ccd,22000
comp_5f865ac31cb0,641000
comp_5faccebc7a56,54000
comp_600981cbcb04,69000
comp_606f64d7bf09,42000
comp_607cb7b3c1b8,13000
comp_609225cfc5a6,48000
comp_60d7865583e8,227000
comp_60e1fcdad478,54000
comp_60f17fd4dc26,481000
comp_6122318dcf65,21000
comp_612bd3d752a4,22000
comp_612c7908ae16,295000
comp_613cbdfc8270,47000
comp_61511ecf0f02,10000
comp_6162c2d57ade,81000
comp_618d11446f83,10000
comp_619797dfc4b0,41000
comp_619fe167e984,360000
comp_61ee1fb755c0,30000
comp_621b4dc1f15d,224000
comp_623009deca34,89000
comp_62374963707a,93000
comp_6265dc52d6a3,10000
comp_62869ac73396,257000
comp_628c03eab911,12000
comp_62920e3975c7,335000
comp_62d72b6f4744,49000
comp_62d91bb6978a,11000
comp_630a34037313,46000
comp_6311484ba74e,12000
comp_632311f6f48b,511000
comp_632dd8c93e9c,31000
comp_6338a9fdb3e9,11000
comp_633a197dd479,91000
comp_63510db13cbb,84000
comp_63709d37d88a,31000
comp_63a0c335bb9f,44000
comp_63b3e0e95e98,52000
comp_63e80608c881,93000
comp_63f910e7952f,336000
comp_640c1db87575,42000
comp_641e80a53c90,180000
comp_6487ca206362,12000
comp_648de47debe3,74000
comp_6502cf933f44,31000
comp_651828916bf8,37000
comp_651af00e427f,24000
comp_654829048f75,70000
comp_65965735d42f,193000
comp_65e93d772eeb,77000
comp_65ef5eb74f3b,53000
comp_65f3fe771c57,30000
comp_662a1fa8464e,47000
comp_664d71a0367d,684000
comp_665f20832586,53000
comp_666c8fc292b0,52000
comp_66a0057789f8,11000
comp_66a374efbf0d,22000
comp_66b8fef8db6f,10000
comp_66c34dbc8569,11000
comp_66ce572c3993,232000
comp_66e9a9150f48,10000
comp_66fcac615fb8,394000
comp_670317e53813,180000
comp_674908e94845,892000
comp_677248f34237,10000
comp_6787a33a50b1,333000
comp_678e0fdad84a,102000
comp_67a63214792a,91000
comp_67e702cc7fd9,70000
comp_68146cd55447,16000
comp_68152f2fe260,78000
comp_682de729ccc8,260000
comp_68372ea8a483,51000
comp_6875a6bd78f4,10000
comp_691b4f678fef,50000
comp_69499c618115,203000
comp_694a46cc63b5,10000
comp_694fe91aa43a,51000
comp_699538931ea2,22000
comp_69d0476a07ae,276000
comp_69d4f9522a60,396000
comp_6a01a383cc41,205000
comp_6a127638bc2b,201000
comp_6a2bdd7a53bb,109000
comp_6a3bef0efe07,419000
comp_6a45eb036398,179000
comp_6a545d99731d,10000
comp_6a6b31574e25,42000
comp_6a9d1bf7c48c,217000
comp_6abf28b7b7d9,21000
comp_6b2ec3e54254,309000
comp_6b561a17ad76,53000
comp_6b66eda1bc74,30000
comp_6b6d1c8a635c,11000
comp_6b7a97f34615,671000
comp_6bb22f15a451,36000
comp_6bb35d2dc392,22000
comp_6bc4b90458d0,91000
comp_6c0db8f379be,206000
comp_6c0f63e98921,11000
comp_6c1c776d369f,22000
comp_6c20e129099d,22000
comp_6c2813c04aca,10000
comp_6c4afdeed6f3,107000
comp_6c676d28e1ec,170000
comp_6cad3cd11e12,31000
comp_6cdc2b53c73a,146000
comp_6cf45bc58e18,751000
comp_6d2bd5f3b3e8,59000
comp_6d3960e97627,22000
comp_6d407ba7ea5f,48000
comp_6d5fff94a8d3,30000
comp_6d6d10b877ec,33000
comp_6d7588e9e681,26000
comp_6d91ec28df0a,23000
comp_6dac1326de7d,67000
comp_6dc0008607b9,10000
comp_6dfff4729c2c,65000
comp_6e0431eb2d19,33000
comp_6e5dffc3c808,79000
comp_6e6da5b64c40,11000
comp_6e9452ee56e1,60000
comp_6eb6cb17bfd7,105000
comp_6eba1699f050,14000
comp_6ee21b57965e,14000
comp_6eed8dbbf43a,809000
comp_6ef15835d5b3,20000
comp_6f1b3b3870cb,40000
comp_6f3ef39e300e,129000
comp_6f8215b81f08,32000
comp_6f9080c0a1b7,22000
comp_6fb042071579,51000
comp_6fc4db9837bf,83000
comp_6fdd3b740075,40000
comp_6ff0389c8b20,35000
comp_702e580dd76d,11000
comp_70487113b4f3,294000
comp_704f86ef839c,10000
comp_70665fe8cbac,454000
comp_7072a0518481,342000
comp_707cc38d8e27,230000
comp_70891f09c086,81000
comp_709bb77d458d,187000
comp_70ae1468129e,20000
comp_70b5a61fca8e,22000
comp_70bb6d8c9426,101000
comp_70d76d3bd175,10000
comp_70e3e3d2c730,27000
comp_71adcd148b3e,33000
comp_71be9ad19fc9,82000
comp_72104a6e68b3,72000
comp_726a8a4a22fe,10000
comp_7290df49ffe1,255000
comp_72949ae377df,30000
comp_72dcdd30e229,11000
comp_7319351c248e,10000
comp_732572415483,192000
comp_735534c41ac1,536000
comp_735d548fb0eb,11000
comp_739a86439515,31000
comp_739c25440a9f,22000
comp_73bd13e0730c,208000
comp_73c822ec6f16,151000
comp_73f526bd37bb,10000
comp_740061295d72,167000
comp_744fcedeec52,11000
comp_7478cd46171a,20000
comp_747bc2fdcd22,112000
comp_7489592b64a4,20000
comp_74c428801b3f,21000
comp_74d55d4508a5,22000
comp_74e89aa1adfe,12000
comp_74f809d0a87a,11000
comp_753dbf8cda63,44000
comp_754f6ab27fe9,90000
comp_7557fa634b1b,31000
comp_75ac1c9d1f5d,120000
comp_75ad2fde4cad,40000
comp_75ad86b7487e,32000
comp_75afd6973a2f,212000
comp_75cd8669d46f,87000
comp_75d76a4255dd,11000
comp_75d82e3efa37,227000
comp_75e1e4aede2a,96000
comp_75e2f640baa0,75000
comp_7639bc35dcd8,11000
comp_7651bae1dd20,292000
comp_768a60b57bdf,119000
comp_769e2878484a,306000
comp_76ae50ceaa20,560000
comp_76b9032ba39a,297000
comp_76c2d4a40589,30000
comp_772f66a8a4cd,11000
comp_7764e59ab16a,61000
comp_77807abe40f4,24000
comp_77fe4c514335,1222000
comp_7814dc8fe12b,229000
comp_7819358082fc,358000
comp_782d26dd6d43,11000
comp_785a11369391,52000
comp_78703136ddaa,22000
comp_787ba9ec27d7,79000
comp_787e747b5325,12000
comp_78a554f24ee2,55000
comp_78c869dc4707,251000
comp_78d14a3ffe7d,147000
comp_78f1c6e082c6,14000
comp_7908fb8bfb39,43000
comp_791512a319bb,10000
comp_793bb6a99329,279000
comp_7945bd4080fb,99000
comp_79b5f3410e9e,242000
comp_79ba53fdcca3,104000
comp_79bfe40fce7c,11000
comp_79c35f8ae64b,112000
comp_79c4be27fa61,30000
comp_79de0098c3bc,22000
comp_79f388ba4557,11000
comp_7a17a36579ca,81000
comp_7a1ddc901334,16000
comp_7a202ca67903,454000
comp_7a2b338f9e2b,10000
comp_7a2b64864871,14000
comp_7a3546a5a473,197000
comp_7a3f53ea75de,93000
comp_7aae995c7da2,192000
comp_7ac01a774f5d,241000
comp_7ac7f61c9fdc,51000
comp_7ac866cd43b9,10000
comp_7add772cb17e,55000
comp_7b16563a93e9,11000
comp_7b27f04621e8,51000
comp_7b3e4c10b02c,1625000
comp_7b5d176f09b3,36000
comp_7b7b8205e053,94000
comp_7b7bdaf571b3,43000
comp_7ba0aa13af6c,68000
comp_7bc231cd2096,129000
comp_7bd06d740eb7,10000
comp_7becea2074ca,11000
comp_7c0e56cd5d58,10000
comp_7c944b5ddf8c,15000
comp_7c949f35e338,13000
comp_7cbb45313e62,134000
comp_7cf1d19d250f,25000
comp_7d03a202f333,36000
comp_7d27f19f6875,16000
comp_7d5925c6091f,60000
comp_7d60fd3c58de,55000
comp_7d754b915db6,13000
comp_7d9ab7a9bf63,580000
comp_7dbae209c546,232000
comp_7dc828d480e2,11000
comp_7de67ebac5fc,22000
comp_7debb8df12fa,33000
comp_7e20ffcbbf92,10000
comp_7e3d06fb4e9e,10000
comp_7e4345676bb8,40000
comp_7e60895d1928,28000
comp_7ea97ddb65d0,31000
comp_7eb6c3dbdd13,214000
comp_7ebb3575e741,31000
comp_7ef5adbbd889,10000
comp_7f074e237560,128000
comp_7f581db9de01,11000
comp_7f61011dcca1,15000
comp_7f7753cd40be,40000
comp_7f78e35d42ff,336000
comp_7f7f455587f9,53000
comp_7f9392fa93fd,108000
comp_7faf6f2a5f4c,73000
comp_7fcf51e89fdb,11000
comp_7ff4b4aa8685,53000
comp_805aaf4a30c2,30000
comp_8079cd12026a,536000
comp_80940986c3f5,478000
comp_809cd1ba9f48,75000
comp_80b90f2d413f,382000
comp_811b58ec68d6,51000
comp_813353734fdc,11000
comp_8145b343d926,30000
comp_81731965d4d4,225000
comp_8175463a7efa,42000
comp_8190684ded57,305000
comp_8192d5e37a02,259000
comp_81bdfae3c51d,134000
comp_81c45fd9d9f9,14000
comp_81d328249abf,41000
comp_81f992c273a2,20000
comp_82c73ad995bd,76000
comp_82ff67ab0b22,46000
comp_8330101fecb6,72000
comp_8333716188c5,21000
comp_83391646d216,119000
comp_833b4d26e555,60000
comp_8371e58723e6,22000
comp_8385b3c4f7de,54000
comp_83a7a3dcd3ea,266000
comp_83e26f583ceb,50000
comp_840228a95d07,16000
comp_841366dafd1b,58000
comp_8457879628a1,150000
comp_84ce5792c5d9,10000
comp_84e91c272380,90000
comp_8500c7d3d700,26000
comp_854fe5584319,71000
comp_855d53d10345,101000
comp_855f1f20f7d3,61000
comp_858669976728,33000
comp_858f2acce20f,113000
comp_859163e98fa2,85000
comp_85c42146e91c,209000
comp_85d9d5a18dcb,16000
comp_85ea14f3d09d,21000
comp_85ecc7c37003,54000
comp_85f6806756cb,10000
comp_8603c76505ff,56000
comp_860a0ece30e3,32000
comp_860d3c4a1ed7,39000
comp_861e40042f42,11000
comp_862e30d37a12,11000
comp_864b93d460fc,17000
comp_868c671cf0b9,58000
comp_869d0e380e44,50000
comp_86bcfc3b046b,21000
comp_86c075c9a2cc,350000
comp_86c8f1a6793d,11000
comp_86d919e10330,34000
comp_86ddb5849dd2,83000
comp_86e098650e7c,24000
comp_8737b7dae4e7,66000
comp_874b3d6cc8a7,45000
comp_875d80172196,10000
comp_878d887fc457,40000
comp_879cc9eecb8c,55000
comp_879d79987ef9,105000
comp_87f58125f501,11000
comp_88403afe6753,55000
comp_8857bb45b251,194000
comp_8857d9207cc1,52000
comp_8862685c972c,20000
comp_8872246c69b0,40000
comp_887eab60ab61,163000
comp_88942364b2c3,24000
comp_8894acf0d85c,55000
comp_88ae869cc695,147000
comp_88af89b76141,28000
comp_88b08dde3ade,52000
comp_88c42c0ecfcc,41000
comp_88c908c080d2,40000
comp_88f3261d7dbf,11000
comp_88f35b831a2c,10000
comp_893398bf191a,23000
comp_89606a48c646,35000
comp_89691b42ab00,13000
comp_89c32a9db2f8,390000
comp_89c4c913eb14,20000
comp_89e706c89c58,30000
comp_89f18c147818,51000
comp_8a0102605f81,357000
comp_8a0f537b14b1,155000
comp_8a3c4a1194cc,195000
comp_8a78d85a5f48,10000
comp_8a916e1b152b,10000
comp_8aa22d210b24,258000
comp_8aa863247dde,12000
comp_8aaa8fbc453b,30000
comp_8aabb73ffe67,184000
comp_8aba5601bd02,64000
comp_8ae41636b61f,30000
comp_8b364c7505c9,117000
comp_8ba60e372370,84000
comp_8bbbd0863bb7,29000
comp_8bc68cd42d25,79000
comp_8bc8b75893bc,180000
comp_8bd188ba784c,568000
comp_8bf9a00653ac,166000
comp_8c02753a6ebf,196000
comp_8c0612b357e3,43000
comp_8c82ac927972,11000
comp_8c8724ede22e,22000
comp_8c96f101048f,73000
comp_8c9706f243fe,106000
comp_8cd66b98f0b0,10000
comp_8d2a338f8fd2,2249000
comp_8d38cddca6a7,53000
comp_8d7f3cce68ce,39000
comp_8d8d5458725f,94000
comp_8d90bd179d35,103000
comp_8dc83b6c913c,60000
comp_8def7556169b,27000
comp_8e13ddb4bc89,41000
comp_8e19a88d86e3,11000
comp_8e35ec7ba811,36000
comp_8e4cc032dd09,11000
comp_8e4e7685a1ff,66000
comp_8ebec622d5bd,45000
comp_8ec1eee10c4a,44000
comp_8ecd8fb93604,97000
comp_8ee83512e33f,240000
comp_8ef98a3a0391,250000
comp_8efd5f96f92a,10000
comp_8f3058315511,20000
comp_8f6e8963e9cf,41000
comp_8ffa6c7ac620,15000
comp_909134f3cf0f,22000
comp_90b159140c93,80000
comp_91040a0f3297,70000
comp_911bfbbd4e92,82000
comp_912b826355ae,32000
comp_914b2dca844d,97000
comp_916478fa2ae0,11000
comp_91a57ec41651,91000
comp_91b022045aca,49000
comp_91bee56e657b,32000
comp_91ea57c75600,160000
comp_91ecf5f28c0c,11000
comp_91fc9e6089c2,34000
comp_9214fac98829,10000
comp_9218845a7aaa,604000
comp_922a10d0b373,20000
comp_922b2801a8fd,163000
comp_923ee8e6c04d,11000
comp_924136190c9a,90000
comp_9245e61f08d1,11000
comp_926cba91efb8,11000
comp_9275809794dd,10000
comp_927756d1694c,195000
comp_9278411c9064,104000
comp_927a952536ac,33000
comp_9291b9d26f77,11000
comp_92edfb6c00a3,138000
comp_9306188bfd01,41000
comp_93143a646de8,63000
comp_931f1500daa7,12000
comp_93210f5bde98,30000
comp_9344ee3f228a,94000
comp_936fa1a4e9fb,31000
comp_938f59948ff7,42000
comp_93941c3c8b6b,228000
comp_93a6948c9d23,21000
comp_93c61dbd3272,515000
comp_94b1ac024b56,33000
comp_94b3dbfa3cdb,105000
comp_94b9f558cd37,33000
comp_94cc5b3e6b82,21000
comp_94ef081fc953,81000
comp_94f04b68f320,14000
comp_951432fcd2fd,54000
comp_95494a6fbc59,10000
comp_9566213f3ca9,15000
comp_957a20952094,53000
comp_958695bf0d38,58000
comp_959628257835,20000
comp_959d3077f221,10000
comp_95b5558b81c6,121000
comp_95e8a759d006,93000
comp_95ea920870a4,66000
comp_95f18793145e,11000
comp_95ff4dc01877,161000
comp_961540a2353d,42000
comp_961fba0264a1,296000
comp_9687446ac1f9,10000
comp_96f0e2c5d680,20000
comp_97042824058d,290000
comp_976bf7014435,114000
comp_977a66ce61ca,60000
comp_97bb7c328f91,25000
comp_97bd573cc270,53000
comp_97e817664c13,217000
comp_9834b870714b,34000
comp_983ce73035ab,10000
comp_984292aa6270,30000
comp_98461dc3dcb1,30000
comp_986fb797f147,147000
comp_98b208ddd5d0,530000
comp_98d24ba90969,417000
comp_991352cee9ab,20000
comp_9942fa1d28a1,22000
comp_99446f4d9f97,10000
comp_995a541a342f,282000
comp_9967d661ee0e,298000
comp_99777183bc19,70000
comp_99dac03b842c,106000
comp_99efb02d9d52,10000
comp_99f378d5aedb,33000
comp_9a1315eabcc8,470000
comp_9a1ad8320937,47000
comp_9a394d29245a,30000
comp_9a3c7891b8c7,1080000
comp_9a4d974aa5d2,102000
comp_9a5b6691db3c,102000
comp_9a7268cb324d,21000
comp_9abcaf99e7fe,13000
comp_9acf1a135e63,154000
comp_9ad6fdf4f8f4,128000
comp_9aecb94b79b8,120000
comp_9af9f3a960f9,45000
comp_9b1672521a9e,22000
comp_9b43b03949ef,20000
comp_9b6c73f3a217,186000
comp_9bd06005962d,147000
comp_9bd91175bba5,33000
comp_9c005d29bfa3,13000
comp_9c0730b63fd8,75000
comp_9c5c28bd0e4b,12000
comp_9c99ddce81bc,32000
comp_9cb3efd21b37,219000
comp_9cb4a5cd2cdf,12000
comp_9cb8d2dd14b2,10000
comp_9cc6c4aba125,22000
comp_9cd17b0902e5,100000
comp_9cdce7c13577,22000
comp_9ce83fb3cce0,10000
comp_9ceb40ddcf76,52000
comp_9cfe5b0d63fb,22000
comp_9d034d1177ae,61000
comp_9d2d6ca3d73f,149000
comp_9d3b385255b6,10000
comp_9d45940712b8,37000
comp_9d45f5880806,44000
comp_9d4db2c3633b,131000
comp_9d982759c543,51000
comp_9dc2b85dac5f,40000
comp_9dd173fb57c1,54000
comp_9dd6ea6f79e3,92000
comp_9e088765a2e9,378000
comp_9e22bd0db970,15000
comp_9e2303524380,40000
comp_9e695e32b155,82000
comp_9e719d5c53bb,41000
comp_9e99a30c75f2,168000
comp_9eb26ef2d3bf,687000
comp_9eb4e88ddd01,22000
comp_9ed2298e3e10,207000
comp_9ed5ac81579b,33000
comp_9f0d74e4e3f8,11000
comp_9f0ff9197947,33000
comp_9f4ed78f21de,10000
comp_9f6f77b24bf9,33000
comp_9f79e22d844a,44000
comp_9f8e71012003,178000
comp_9fc1415395d4,74000
comp_9fc24cddb26e,94000
comp_9fd2a12eceb2,20000
comp_9fe0f7308b8d,260000
comp_9ff48771b062,10000
comp_a0017e8bc5ea,11000
comp_a0178ba0432d,50000
comp_a02274069bcc,10000
comp_a0573abb2b3d,12000
comp_a07a7460c4a2,10000
comp_a0ab5891dce1,11000
comp_a0aee622d6b4,172000
comp_a0b574d84616,142000
comp_a0bce1beda14,25000
comp_a0c1e93454e4,292000
comp_a0e5457f59d6,115000
comp_a0f8f7e38496,11000
comp_a1216425fa70,52000
comp_a149bf46b7dd,79000
comp_a14b0dc59a4a,43000
comp_a15313cf69d5,52000
comp_a19643a7d7e4,168000
comp_a1a002705669,394000
comp_a1e34e8f936c,10000
comp_a1e7f1d9de96,22000
comp_a1f7fe5af4d3,55000
comp_a23f317fb19c,10000
comp_a24ac710861c,110000
comp_a26469b1ab72,46000
comp_a26c5dfb6a3e,41000
comp_a2826003a4c4,33000
comp_a2c470847225,110000
comp_a2c6d7cf0638,69000
comp_a2e1a97aed93,20000
comp_a33d65d11fae,94000
comp_a3541682217d,52000
comp_a3e088cbfd09,49000
comp_a4007f55356c,24000
comp_a40fa6ca2492,36000
comp_a41f0fa3e302,52000
comp_a442acd7fbda,438000
comp_a46b1dbeb78a,140000
comp_a4c38bb3950b,12000
comp_a4d0adca2448,17000
comp_a4e909b43dd2,513000
comp_a4f39c2d9c02,11000
comp_a51bb48e7bfb,222000
comp_a54b666086b5,39000
comp_a559d0b6ff0e,52000
comp_a5ae95d35f33,139000
comp_a5c76defd47d,30000
comp_a5f262d2a0e3,11000
comp_a6572bb2d533,50000
comp_a6a896bc3100,55000
comp_a6b50efacda9,216000
comp_a75892cfbb9b,11000
comp_a76a1ad42c25,377000
comp_a771fca6184d,675000
comp_a78bf3cdc8da,21000
comp_a79b7a11fb97,143000
comp_a7ed4374a524,47000
comp_a87dde36c6b5,114000
comp_a88c2d9d320e,11000
comp_a8943488564a,34000
comp_a8c592f59595,135000
comp_a8ebc9f305a1,81000
comp_a8ed24df1e1b,86000
comp_a8ee460a49a2,18000
comp_a8f9661f90a7,11000
comp_a8f9f9bbe5c8,31000
comp_a9100df9f572,194000
comp_a928d3df02d1,24000
comp_a940e856879e,70000
comp_a978eeb425ff,15000
comp_a97ac235dcac,54000
comp_a98068c8e972,50000
comp_a9b92dd93641,73000
comp_a9caff0bc11c,10000
comp_a9dfe250b32f,291000
comp_aa1c953f17f1,31000
comp_aa2eecd8a95e,109000
comp_aa31382e35d7,55000
comp_aa39194db1bd,22000
comp_aa55596f7bd3,30000
comp_aa59a7d3f6ad,167000
comp_aa660098c078,145000
comp_aa66aa684bd1,10000
comp_aa80140e6f03,62000
comp_aa8708f22e55,20000
comp_aa9075868ec8,55000
comp_aaa698b4397d,720000
comp_ab8678b85cf6,572000
comp_abc6f16ca5f6,161000
comp_abd48ecd6d80,10000
comp_ac32ef5dc1dc,43000
comp_ac5c44d7ff3b,20000
comp_ac8f736b0fbf,63000
comp_aca425160d4d,94000
comp_aca73e65861f,228000
comp_acd4eba12acb,10000
comp_acde7ae230f4,10000
comp_ace1d646669b,315000
comp_aceccd1739dd,21000
comp_ad09de9dab95,15000
comp_ad4a59c5d21c,20000
comp_ada6a3972d23,388000
comp_adc5b72c63d4,12000
comp_ae41b15604a9,231000
comp_ae640e2e05ec,42000
comp_ae6d39fc23bd,14000
comp_ae7adce76ffb,150000
comp_ae8aea626eb7,120000
comp_ae96cf7ecd53,42000
comp_aea42220c29b,282000
comp_aec0d3c60d18,107000
comp_af064784cadd,282000
comp_af1a8b5bee4e,13000
comp_af55161b7cc7,38000
comp_af97d108458c,180000
comp_afe53a05892d,62000
comp_affba327677f,34000
comp_b020c18578b4,128000
comp_b031501eecea,59000
comp_b039dc591219,309000
comp_b04cd3f6d680,16000
comp_b06be1cda6cb,262000
comp_b0fd1552dfb0,176000
comp_b10929256851,189000
comp_b10b788918c2,514000
comp_b11bc6f1110c,26000
comp_b125e52b55e9,235000
comp_b15b42736e02,726000
comp_b15f23558c6e,195000
comp_b1c0df3594df,60000
comp_b1d242e22128,54000
comp_b2275bb36d24,36000
comp_b2280ed2cc03,162000
comp_b241a91cd567,90000
comp_b26b8ed734b5,61000
comp_b2865644da50,52000
comp_b292f222f621,22000
comp_b29fb3d1ad5b,71000
comp_b2ab4fc47c17,110000
comp_b31c156fdad6,20000
comp_b3252b9d8cde,12000
comp_b3407a1b95cc,98000
comp_b3656e27cd5f,93000
comp_b370ca6df1d1,11000
comp_b373851d7b13,145000
comp_b37b5938d7b6,11000
comp_b3adf22d766f,478000
comp_b3b91cca1f5a,171000
comp_b3bcc126d371,30000
comp_b3d402c14f3b,45000
comp_b40a9cd6de08,156000
comp_b40e80548e51,215000
comp_b438021903c0,352000
comp_b438c4e336a4,75000
comp_b44a6087b870,288000
comp_b45e04ff5879,183000
comp_b481d9889d29,889000
comp_b4997cb97b9a,10000
comp_b50b8269b52e,20000
comp_b55438e6bf63,11000
comp_b563cbd955dd,10000
comp_b5c980fffb4f,52000
comp_b5dfb9ecd05a,10000
comp_b5e6e9100a6e,1772000
comp_b5e8d854fdf1,28000
comp_b627dcdf7d42,10000
comp_b62e114d1813,94000
comp_b647a84ce182,80000
comp_b6510faed797,11000
comp_b66f82a12116,46000
comp_b6cac01e33c0,329000
comp_b6e37e8d81b2,38000
comp_b6f41c8ced33,20000
comp_b6fa46118451,10000
comp_b7201f7cd88d,52000
comp_b7268df8cc02,11000
comp_b730db5ac7e4,128000
comp_b77dad0c18b8,22000
comp_b79574c98d51,75000
comp_b7bf839f45d9,33000
comp_b7c029b5fb89,51000
comp_b8110b78ed60,30000
comp_b815c544d13c,196000
comp_b83a26ab427b,36000
comp_b844b57854aa,14000
comp_b854aa3bbd0d,187000
comp_b86cb9bc52ca,208000
comp_b87cfccf782c,10000
comp_b884a3268c3b,136000
comp_b8adaa88e214,10000
comp_b8b3df53139a,133000
comp_b8b6e92e8974,79000
comp_b8bbfe610b3f,199000
comp_b91e74b4f9e0,60000
comp_b92f3f3347d9,27000
comp_b93ba5a5a15e,50000
comp_b958267fbb70,43000
comp_b963abdd4527,11000
comp_b9779c39beb2,66000
comp_b9c56e30631e,51000
comp_b9e98cae39cc,356000
comp_b9eb1d9fd5ae,116000
comp_b9f23ef657eb,417000
comp_ba1e71069f6a,33000
comp_ba2aed430ae1,10000
comp_ba39b29501d6,80000
comp_ba4b88602942,217000
comp_ba571c9946b4,11000
comp_ba5bcc993dd6,32000
comp_ba86d6c5a83a,10000
comp_bab3f9b88ea5,22000
comp_bacf378a670d,20000
comp_bae40222eb3b,20000
comp_baf6e44c636f,260000
comp_bb163721cddd,36000
comp_bb173fcae8fa,10000
comp_bb72ae7e9d94,10000
comp_bb88ea8dba26,36000
comp_bb93874b8bed,104000
comp_bbab9d5aa9f7,82000
comp_bbbc8154b300,12000
comp_bbc4873ae57e,39000
comp_bbc553181261,423000
comp_bbda24a43d2b,132000
comp_bbea9987467d,22000
comp_bbf8ef54e199,152000
comp_bc11cc32b5a2,11000
comp_bc3858feb75f,153000
comp_bcbe7d444b2b,37000
comp_bcca300e9cbd,57000
comp_bcfbe8b2ebea,16000
comp_bd055ce22ad9,117000
comp_bd06f399f314,35000
comp_bd2e0a25691e,64000
comp_bd3058ba6dbf,33000
comp_bd3b8ee42d2c,132000
comp_bd3ebd0de6a6,293000
comp_bd538eebc799,44000
comp_bd57b148b8d2,10000
comp_bd6386e0edef,80000
comp_bdab443db645,40000
comp_bdb04477a153,74000
comp_bdb5404695b9,77000
comp_be26ccc990ec,22000
comp_be55d298e00b,41000
comp_be57d1539014,282000
comp_be7279d1380c,98000
comp_be7699b5a759,22000
comp_bef7b832e7ae,39000
comp_bf4809d05315,54000
comp_bf7c40402f9a,35000
comp_bface3951e9f,11000
comp_bfc2e3d26f2f,111000
comp_bfd43cd1840f,386000
comp_c04cfeeb824c,220000
comp_c050eeb339fc,427000
comp_c062ba9c20a5,21000
comp_c0a3c2da5573,148000
comp_c0b4bab99e4f,10000
comp_c10168d4f1e3,121000
comp_c10302b61202,42000
comp_c12af7b93c9f,311000
comp_c13262994971,30000
comp_c17129ca764f,12000
comp_c1b49626748b,194000
comp_c1bd5ec257ac,280000
comp_c205149024e4,13000
comp_c21031e79de8,342000
comp_c2993dad9c9a,145000
comp_c2c2d33b98be,658000
comp_c2c9438248d3,513000
comp_c2fd33632fe7,50000
comp_c3155a7993ac,368000
comp_c34acc4e6721,10000
comp_c35d9faa06d4,40000
comp_c38c9cf63d37,55000
comp_c3ae6dd7fe7a,175000
comp_c3c1a7b93ec3,11000
comp_c3d1dc19893d,10000
comp_c3eea2ae812c,81000
comp_c424427dbb3b,84000
comp_c4566cea22ec,11000
comp_c45aaf47f7dc,22000
comp_c47d656e404a,10000
comp_c4851dd44ca8,134000
comp_c4975b3d5d24,30000
comp_c4b6df696146,2932000
comp_c4bb7e993498,10000
comp_c4d175f76d87,30000
comp_c4e453ca64fe,50000
comp_c55289c2c15e,11000
comp_c554b87670df,277000
comp_c58657b3d11b,11000
comp_c59aecd0cb48,32000
comp_c5b85fb05070,10000
comp_c5bf70aadc64,230000
comp_c5c754b5dac7,18000
comp_c5d550eacb52,282000
comp_c629b4b1ed56,305000
comp_c64c84ae63f6,13000
comp_c64f8bd7da7b,37000
comp_c67c5f7e8062,30000
comp_c6ace0248c73,895000
comp_c6d3fb841f60,910000
comp_c7409871b46d,76000
comp_c75d2e0a86c1,51000
comp_c7b92505e46d,10000
comp_c7bed6d1ac50,70000
comp_c7e233ca6d86,22000
comp_c7fbe2c5a21b,13000
comp_c820315950aa,348000
comp_c826660208f2,162000
comp_c82f13d62409,22000
comp_c857aac5411f,33000
comp_c8746ffb0007,67000
comp_c899fa5591b2,393000
comp_c89bf6e582fe,21000
comp_c89e0cfd45fb,33000
comp_c8d22088ade3,45000
comp_c8da608e4ffb,16000
comp_c91436b79052,88000
comp_c91bac253d95,124000
comp_c91c676b0a34,245000
comp_c957087fc4b0,10000
comp_c98208e49ee0,21000
comp_c9a767b8a785,25000
comp_c9a7b98c0532,90000
comp_c9ee5c3b34d4,15000
comp_ca4c7ce39465,105000
comp_ca55a19a8a49,10000
comp_ca8821847ff0,33000
comp_cad34cc467e5,86000
comp_cb40ea6316d5,134000
comp_cb42451b3023,21000
comp_cb42b143b153,10000
comp_cb63a474d456,33000
comp_cb63b3c10b17,18000
comp_cb690a093274,43000
comp_cb913358a404,796000
comp_cb94d4a00351,11000
comp_cb9730205aa6,10000
comp_cbd152846884,99000
comp_cc2163a5d8e5,46000
comp_cc27f4b3025c,21000
comp_cc3167af360b,30000
comp_cc37f959018b,11000
comp_cc4e972a8cbb,92000
comp_cc70f1f71488,116000
comp_cc84ff290b9d,114000
comp_ccf6ecd704d6,106000
comp_ccffc9724858,10000
comp_cd022702cdb5,11000
comp_cd06622fb539,22000
comp_cd08b8350328,131000
comp_cd296e1cc176,219000
comp_cd2f239af8eb,51000
comp_cd57328ab9e1,10000
comp_cd66afe24a72,213000
comp_cd6d4edbbc9f,48000
comp_cdb99e558fc2,69000
comp_cdd4985a0266,76000
comp_cddb8706be59,11000
comp_cddde34ac951,154000
comp_ce10f642cbbf,115000
comp_ce2d56a3959d,11000
comp_ce43c11d97b1,20000
comp_ce7bdf7f80d8,49000
comp_ce848b8f4462,130000
comp_ceb49bb635ab,120000
comp_cec46afb1667,55000
comp_ced359574593,30000
comp_cedbf515e1b7,133000
comp_cf02a882ec12,34000
comp_cf655734b48c,11000
comp_cf66f5a7a225,157000
comp_cf8e3c73de52,20000
comp_d00ae81ed94e,22000
comp_d02c93c95191,33000
comp_d0397b7a97e0,64000
comp_d069c01346d6,139000
comp_d06d50bccbae,11000
comp_d07252b85a36,50000
comp_d07c716a7b02,13000
comp_d08e55b1eb62,22000
comp_d0c907532484,266000
comp_d0fceffb8431,566000
comp_d104d9cfd8e7,11000
comp_d12d50a5ac36,1327000
comp_d14a06f459d1,30000
comp_d1522ab93c66,252000
comp_d1619deda582,12000
comp_d17b0279c814,75000
comp_d18f41ed8ca6,133000
comp_d19520fd48e8,10000
comp_d19cfbd4210d,103000
comp_d1a7ae38f913,10000
comp_d1c53fe5c672,12000
comp_d1d0e82ae814,321000
comp_d1dc5a49a3dd,64000
comp_d1e38d6d3388,222000
comp_d21b16115a31,97000
comp_d2481b587c80,14000
comp_d28777027684,317000
comp_d2b0d69f363f,74000
comp_d2bdbd9487f9,25000
comp_d2e643bd636f,104000
comp_d35640c2cb6d,10000
comp_d38c48b34eee,31000
comp_d38dd50431e3,44000
comp_d3906099e5fa,20000
comp_d39c4bf5b3e1,119000
comp_d3a1da6881aa,10000
comp_d3ba087334e0,41000
comp_d41c00924504,303000
comp_d42ab098c26b,43000
comp_d44713012369,32000
comp_d467e813c751,15000
comp_d498b5925f72,317000
comp_d4aeeac8d1c8,78000
comp_d4b6d846f4c6,32000
comp_d4ed3f497b79,175000
comp_d4ed7b41f6de,31000
comp_d4fa4a03e99b,69000
comp_d51e9a2a841b,133000
comp_d56b3c4a2e18,30000
comp_d591915a8261,128000
comp_d5a081a054ea,10000
comp_d5a97e6a9a87,118000
comp_d5c07fac10a1,229000
comp_d5ce2feb8942,264000
comp_d5f04643227b,442000
comp_d657c3a5c5b7,135000
comp_d67c20f3c752,81000
comp_d6d40affed7a,110000
comp_d6d446d9adb9,34000
comp_d6e0072bbdfa,10000
comp_d6f0ec36744d,174000
comp_d6f5ac4c1897,15000
comp_d6f80fbc107e,117000
comp_d7001f286f50,20000
comp_d7011e7426b5,11000
comp_d7046a3b6558,40000
comp_d70fd646756d,191000
comp_d7233af71b2e,161000
comp_d73b6bfc8f5c,192000
comp_d75a0c773b89,51000
comp_d7697b91c83f,30000
comp_d794d86500c9,45000
comp_d7a42acee5e2,105000
comp_d7a68cd4e47a,10000
comp_d7dca4c8c7ad,54000
comp_d860dc444d78,277000
comp_d88d67c04abc,15000
comp_d89b1a390cbc,128000
comp_d8b723a0acb2,10000
comp_d8bc845a49d8,43000
comp_d8bd93395dd4,50000
comp_d8da9fd218f9,332000
comp_d8df6163aa94,40000
comp_d90fc18a7049,135000
comp_d931800c9d67,11000
comp_d95465c627d9,10000
comp_d95b802fa25c,130000
comp_d96bc756ac15,11000
comp_d973dbfbf98f,30000
comp_d97aaa2d4f44,849000
comp_d99bc638be74,132000
comp_d99d472276ca,50000
comp_d9b800878fc4,40000
comp_d9c0c5fa7624,125000
comp_d9fd1167d951,360000
comp_da1ab932bd59,33000
comp_da23490c1de5,12000
comp_da3d65e01cde,23000
comp_da40c433de47,133000
comp_da4c0aeaed40,62000
comp_da4fb2238624,40000
comp_da6af51451cf,73000
comp_da9085a0b6ac,21000
comp_dabd47b6cdba,39000
comp_dad51c07248e,80000
comp_daf024183d69,37000
comp_db1b1b2c613c,63000
comp_db4fa2509924,22000
comp_db57ca85eadd,34000
comp_db5dbb431093,61000
comp_db62ebc725ac,77000
comp_db883784556b,285000
comp_dbb722866eb1,52000
comp_dbf0c74b8cf8,159000
comp_dbf8c4f18bcc,118000
comp_dc02c7834309,68000
comp_dc1407bcee26,13000
comp_dc5d7d0fab69,53000
comp_dc676f6a53fa,42000
comp_dc69fd145242,66000
comp_dc77fb8cf4d0,11000
comp_dc8f082e0c1d,22000
comp_dcb3faeecde0,261000
comp_dcd75545afe1,11000
comp_dd1ac164532d,22000
comp_dd302ecc8bc3,53000
comp_dd5df902e7bc,86000
comp_dd863d784efd,378000
comp_dd8b18832baa,484000
comp_dd9e4bb35ca6,21000
comp_ddaf5e86c25d,34000
comp_ddb89cbb7577,40000
comp_ddc3cc0833fd,20000
comp_ddd37014da74,21000
comp_ddd763d09023,30000
comp_ddf7ac331fc2,176000
comp_de79b683ae6f,107000
comp_de93eef8b268,40000
comp_de9a83cb5f00,820000
comp_dee9d7de802e,159000
comp_deef0f27a29d,22000
comp_df0a0c0bd619,11000
comp_df148f13fcf7,69000
comp_df1f2858cb56,20000
comp_df449beb35e3,87000
comp_df628263e050,80000
comp_df70a1d24f0b,30000
comp_dfb96b247192,83000
comp_e005cc1c5395,87000
comp_e01e111a8e2e,158000
comp_e02232739b19,41000
comp_e038d7f0bc3b,11000
comp_e07d1c145e8f,248000
comp_e0c5fb1f9f75,88000
comp_e0eba9009338,306000
comp_e0f5d55273ee,60000
comp_e0f67067898c,14000
comp_e0ffa7b88c3b,185000
comp_e10ee6ae2c79,160000
comp_e12739dacec1,68000
comp_e1287b8adc1a,135000
comp_e12de5de6c75,693000
comp_e143eacb2eae,61000
comp_e153cfd012be,32000
comp_e17b95c199c4,10000
comp_e18f470e4635,28000
comp_e19676134966,283000
comp_e1af86c95783,11000
comp_e1b1504defce,14000
comp_e1b77f331caa,41000
comp_e1c570f9f9e1,62000
comp_e1c62fcda0f3,148000
comp_e1d848abc15c,110000
comp_e1ecd97a07ae,30000
comp_e1f2176ac474,14000
comp_e1fb1de03456,30000
comp_e1ff46882d21,44000
comp_e210d65bfd4f,303000
comp_e21a36843c2b,10000
comp_e233c938be6c,21000
comp_e24792e290f0,256000
comp_e26390eed7df,28000
comp_e28c245730bc,220000
comp_e2bf15f47661,52000
comp_e2f31a00d7f8,20000
comp_e32ad30b9e13,34000
comp_e333d71b4f52,160000
comp_e339909c0d89,31000
comp_e34ed1ab3b23,140000
comp_e352ebbeb6e4,316000
comp_e36504872b3d,50000
comp_e39fc3b9cc97,42000
comp_e3a54654893a,65000
comp_e3b87c43ab32,118000
comp_e3c6d61aa38f,16000
comp_e40e39d7c808,130000
comp_e4313d2f5956,31000
comp_e431d3f4002a,23000
comp_e44f5eafa2cb,73000
comp_e453c5c75331,10000
comp_e4657d96e5b2,51000
comp_e47908d22d5c,490000
comp_e4e3ba3f25d9,385000
comp_e4f3589fab9e,10000
comp_e55d5890740a,226000
comp_e573c5c152ad,22000
comp_e60d1d1a8d27,130000
comp_e6260780df02,61000
comp_e63c39f7cf7c,53000
comp_e64f34d057fc,30000
comp_e65d1b354886,33000
comp_e6623f5a6e27,132000
comp_e6868a8b363b,62000
comp_e6daec9f0780,51000
comp_e6eff30ddf24,10000
comp_e6fde19c7497,15000
comp_e708d2b1bc09,11000
comp_e70e01050ea7,230000
comp_e718e374865a,92000
comp_e73537e1e454,16000
comp_e74577a44f0b,20000
comp_e75edfd47c23,655000
comp_e773402f99d5,72000
comp_e77da929b992,275000
comp_e795cff8503d,326000
comp_e7f34e4d062c,13000
comp_e80be60fdaae,250000
comp_e80c4dc61f51,10000
comp_e88f90fd365b,67000
comp_e8ad547c8cb4,61000
comp_e8b1f6fd0b59,24000
comp_e8f8faf870c0,11000
comp_e9c6c517e5a3,1282000
comp_e9cfafbf5b38,32000
comp_e9cfcf8542a0,163000
comp_ea059c8d5eb3,207000
comp_ea0c60691df5,72000
comp_ea1052e79a16,69000
comp_ea5fe1da8f0f,54000
comp_ea60ad8c612c,20000
comp_ea640e03851e,52000
comp_ea7002bcdf95,33000
comp_ea84593a8cf9,30000
comp_eb433e56fe2b,21000
comp_eb4b9de36171,372000
comp_eb4d55bc6ef4,40000
comp_eb749190ad55,60000
comp_eb87e739fc9c,32000
comp_ebcd71784ac9,41000
comp_ebd3efc0829f,294000
comp_ebd5e376ff30,100000
comp_ebe087305350,33000
comp_ec00cdb84b6d,46000
comp_ec44a445909d,22000
comp_ec49a24482a9,30000
comp_ec72f035fa5d,85000
comp_ec7346dc5932,41000
comp_ecb3d50270f1,75000
comp_ecc28b2c1e3f,10000
comp_ecc3bed3d3b2,174000
comp_ece0cfe0fbcf,80000
comp_ed9adda6919d,56000
comp_edae4112dc4d,70000
comp_edc99bbfcc32,22000
comp_edeacf0ff36f,190000
comp_edfebbea224c,10000
comp_ee308a63a034,38000
comp_ee3a79c55aa9,11000
comp_ee8511d65cac,323000
comp_ee93e721381f,12000
comp_ee958ab4802d,13000
comp_eea863aa943f,100000
comp_eed12f391d89,305000
comp_eee63a5b5b92,230000
comp_ef0549ee47d2,310000
comp_ef1b6cbdab37,10000
comp_ef21ef46aa66,106000
comp_ef3c20c1c861,70000
comp_efab1231bac4,188000
comp_efb906ba6c24,285000
comp_efec5e2069da,21000
comp_eff27a22f817,47000
comp_f02d24c2d755,50000
comp_f04b7d419d80,30000
comp_f0892cda269f,13000
comp_f08a6c5bd7cb,91000
comp_f08dd4fe0c35,249000
comp_f0a95b7f1a60,144000
comp_f0da0cba5a8d,12000
comp_f0dd06247e1f,10000
comp_f0f7a684afce,11000
comp_f114f344dd77,186000
comp_f12f59372184,260000
comp_f13d8c53784a,164000
comp_f1c22ff487a0,11000
comp_f1d63bae3e80,88000
comp_f1e8685c503c,88000
comp_f214aca71676,104000
comp_f236f371ab19,1351000
comp_f23bcf91da50,20000
comp_f2856bdd52ec,40000
comp_f29395bdfbb6,28000
comp_f2c473d2ea17,130000
comp_f2c5be0afa17,10000
comp_f2fe9a0d8ab6,199000
comp_f355f2c59138,473000
comp_f368c7c5eccc,44000
comp_f36cba98d242,205000
comp_f379bf42160a,234000
comp_f38ccb7a66c5,97000
comp_f39a475cd0ba,239000
comp_f3ba3dcb9b82,124000
comp_f3c58dc233f6,274000
comp_f3e20c426d56,550000
comp_f3fe49152b25,139000
comp_f400f35c4aee,16000
comp_f44b4a58f022,12000
comp_f46f0f6b60b7,34000
comp_f47ccbfd626d,30000
comp_f4a846db01f4,30000
comp_f4babc5eebb4,34000
comp_f4d629e086a1,15000
comp_f4e23bdca501,50000
comp_f4fcb4296613,14000
comp_f51328dfd257,17000
comp_f5138b5f72e6,11000
comp_f53c509c3e3b,1067000
comp_f59007b2d1b8,205000
comp_f5a0b884b253,14000
comp_f5a3ebcc040a,52000
comp_f5b17eaffd71,11000
comp_f611a6924f0e,40000
comp_f625e5f34cc2,30000
comp_f6280b93868d,32000
comp_f6762b33bbc9,73000
comp_f686720028ac,25000
comp_f6873f9c400c,14000
comp_f690ef1c3f9a,54000
comp_f6924b1b789d,121000
comp_f6a27f40e6af,182000
comp_f6b48f9f2507,232000
comp_f6bbf30d0d33,110000
comp_f6c6eb2549b2,13000
comp_f6d90963246d,44000
comp_f6e73f6d43ab,50000
comp_f6e7895c83dd,11000
comp_f7072a7d9c2e,10000
comp_f76ac15d22e0,21000
comp_f77dc06702e4,79000
comp_f7970d994918,33000
comp_f79a4e8ab403,54000
comp_f7a25731f620,12000
comp_f7a7abc9a37e,40000
comp_f813056f9d58,90000
comp_f82718a3e09a,331000
comp_f82a40c51bbb,11000
comp_f86b4870a5a5,30000
comp_f86d1a5ecd67,32000
comp_f8895b25d704,13000
comp_f89bb7fe206d,183000
comp_f8a6cb2b23b5,11000
comp_f8aef2824ca5,196000
comp_f8e0b0f300c2,63000
comp_f8fa2eb05821,21000
comp_f9001941b71b,329000
comp_f92478b0a3c4,51000
comp_f9a4d26c4895,43000
comp_f9bc6ad6aabf,11000
comp_f9d86c83a45f,30000
comp_fa0f7810d993,10000
comp_fa1532c33704,116000
comp_fa190b4831db,450000
comp_fa2c8fdb4807,135000
comp_fa2e4cc0df79,66000
comp_fab0190c0e8b,11000
comp_fad6b3f9d81a,11000
comp_fadc093e9954,30000
comp_fae98cafa3f6,31000
comp_faf54563a77d,20000
comp_fb1eeb892703,585000
comp_fb27697f3844,975000
comp_fb50d6c5563e,63000
comp_fb6051d9d68a,213000
comp_fb795abc6a0c,33000
comp_fba62811ab3b,133000
comp_fbc97a58e164,140000
comp_fc0476ca4b12,1175000
comp_fc47d84ddceb,219000
comp_fc91bf81b36c,40000
comp_fca2ded792ee,67000
comp_fcc7c19330ce,52000
comp_fcd1c83fbddb,238000
comp_fcfc4ef622ac,186000
comp_fcff13f6e1b8,10000
comp_fd26cec73505,10000
comp_fd29bcacdf91,371000
comp_fd52240114fc,30000
comp_fd7aace00e69,11000
comp_fd985b686aed,10000
comp_fdadc5d4276b,22000
comp_fe247da2a073,115000
comp_fe876776f642,44000
comp_fe9fcc6190ca,20000
comp_fee4da0a7890,364000
comp_ff11ab0c81c1,31000
comp_ff4a8a17cbaa,14000
comp_ff67acb37c98,40000
